sid,commodity_code,suffix,description,validity_start_date,validity_end_date,parent_sid,parent_code
27623,0100000000,80,LIVE ANIMALS,1971-12-31,,,
27624,0101000000,80,"Live horses, asses, mules and hinnies",1972-01-01,,27623,0100000000
93797,0101210000,10,Horses,2012-01-01,,27624,0101000000
93796,0101210000,80,Pure-bred breeding animals,2012-01-01,,93797,0101210000
93798,0101290000,80,Other,2012-01-01,,93797,0101210000
93799,0101291000,80,For slaughter,2012-01-01,,93798,0101290000
93800,0101299000,80,Other,2012-01-01,,93798,0101290000
93801,0101300000,80,Asses,2012-01-01,,27624,0101000000
72763,0101900000,80,Other,2002-01-01,,27624,0101000000
27633,0102000000,80,Live bovine animals,1972-01-01,,27623,0100000000
94053,0102210000,10,Cattle,2012-01-01,,27633,0102000000
94047,0102210000,80,Pure-bred breeding animals,2012-01-01,,94053,0102210000
94048,0102211000,80,Heifers (female bovines that have never calved),2012-01-01,,94047,0102210000
94049,0102213000,80,Cows,2012-01-01,,94047,0102210000
94050,0102219000,80,Other,2012-01-01,,94047,0102210000
94056,0102290000,80,Other,2012-01-01,,94053,0102210000
96756,0102290500,80,Of the sub-genus Bibos or of the sub-genus Poephagus,2013-01-01,,94056,0102290000
96757,0102291000,10,Other,2013-01-01,,94056,0102290000
94057,0102291000,80,Of a weight not exceeding 80 kg,2012-01-01,,96757,0102291000
94058,0102291010,80,"Young male bovine animals, intended for fattening",2012-01-01,,94057,0102291000
94059,0102291020,80,"Heifers of the grey, brown or yellow mountain breeds and spotted Pinzgau breed, other than for slaughter",2012-01-01,,94057,0102291000
94060,0102291030,80,"Heifers of the Schwyz and Fribourg breeds, other than for slaughter",2012-01-01,,94057,0102291000
94061,0102291040,80,"Heifers of the spotted Simmental breed, other than for slaughter",2012-01-01,,94057,0102291000
94062,0102291050,80,"Bulls of the Schwyz, Fribourg and spotted Simmental breeds, other than for slaughter",2012-01-01,,94057,0102291000
94063,0102291090,80,Other,2012-01-01,,94057,0102291000
94064,0102292100,10,Of a weight exceeding 80 kg but not exceeding 160 kg,2012-01-01,,96757,0102291000
94065,0102292100,80,For slaughter,2012-01-01,,94064,0102292100
94066,0102292900,80,Other,2012-01-01,,94064,0102292100
94067,0102292910,80,"Young male bovine animals, intended for fattening",2012-01-01,,94066,0102292900
94068,0102292920,80,"Heifers of the grey, brown or yellow mountain breeds and spotted Pinzgau breed",2012-01-01,,94066,0102292900
94069,0102292930,80,Heifers of the Schwyz and Fribourg breeds,2012-01-01,,94066,0102292900
94070,0102292940,80,Heifers of the spotted Simmental breed,2012-01-01,,94066,0102292900
94071,0102292950,80,"Bulls of the Schwyz, Fribourg and spotted Simmental breeds",2012-01-01,,94066,0102292900
94072,0102292990,80,Other,2012-01-01,,94066,0102292900
94073,0102294100,10,Of a weight exceeding 160 kg but not exceeding 300 kg,2012-01-01,,96757,0102291000
94074,0102294100,80,For slaughter,2012-01-01,,94073,0102294100
94075,0102294900,80,Other,2012-01-01,,94073,0102294100
94076,0102294910,80,"Young male bovine animals, intended for fattening",2012-01-01,,94075,0102294900
94077,0102294920,80,"Heifers and cows of the grey, brown or yellow mountain breeds and spotted Pinzgau breed",2012-01-01,,94075,0102294900
94078,0102294930,80,Heifers and cows of the Schwyz and Fribourg breeds,2012-01-01,,94075,0102294900
94079,0102294940,80,Heifers and cows of the spotted Simmental breed,2012-01-01,,94075,0102294900
94080,0102294950,80,"Bulls of the Schwyz, Fribourg and spotted Simmental breeds",2012-01-01,,94075,0102294900
94081,0102294990,80,Other,2012-01-01,,94075,0102294900
94082,0102295100,10,Of a weight exceeding 300 kg,2012-01-01,,96757,0102291000
94083,0102295100,20,Heifers (female bovines that have never calved),2012-01-01,,94082,0102295100
94084,0102295100,80,For slaughter,2012-01-01,,94083,0102295100
94085,0102295110,80,"Not yet having any permanent teeth, of a weight of not less than 320 kg but not more than 470 kg",2012-01-01,,94084,0102295100
94086,0102295190,80,Other,2012-01-01,,94084,0102295100
94087,0102295900,80,Other,2012-01-01,,94083,0102295100
94088,0102295911,10,"Heifers of the grey, brown or yellow mountain breeds and spotted Pinzgau breed",2012-01-01,,94087,0102295900
94089,0102295911,80,"Not yet having any permanent teeth, of a weight of not less than 320 kg but not more than 470 kg",2012-01-01,,94088,0102295911
94090,0102295919,80,Other,2012-01-01,,94088,0102295911
94091,0102295921,10,Of the Schwyz and Fribourg breeds,2012-01-01,,94087,0102295900
94092,0102295921,80,"Not yet having any permanent teeth, of a weight of not less than 320 kg but not more than 470 kg",2012-01-01,,94091,0102295921
94093,0102295929,80,Other,2012-01-01,,94091,0102295921
94094,0102295931,10,Of the spotted Simmental breed,2012-01-01,,94087,0102295900
94095,0102295931,80,"Not yet having any permanent teeth, of a weight of not less than 320 kg but not more than 470 kg",2012-01-01,,94094,0102295931
94096,0102295939,80,Other,2012-01-01,,94094,0102295931
94097,0102295991,10,Other,2012-01-01,,94087,0102295900
94098,0102295991,80,"Not yet having any permanent teeth, of a weight of not less than 320 kg but not more than 470 kg",2012-01-01,,94097,0102295991
94099,0102295999,80,Other,2012-01-01,,94097,0102295991
94100,0102296100,10,Cows,2012-01-01,,94082,0102295100
94101,0102296100,80,For slaughter,2012-01-01,,94100,0102296100
94102,0102296900,80,Other,2012-01-01,,94100,0102296100
94103,0102296910,80,"Heifers of the grey, brown or yellow mountain breeds and spotted Pinzgau breed",2012-01-01,,94102,0102296900
94104,0102296920,80,Of the Schwyz and Fribourg breeds,2012-01-01,,94102,0102296900
94105,0102296930,80,Of the spotted Simmental breed,2012-01-01,,94102,0102296900
94106,0102296990,80,Other,2012-01-01,,94102,0102296900
94118,0102299100,10,Other,2012-01-01,,94082,0102295100
94119,0102299100,80,For slaughter,2012-01-01,,94118,0102299100
94120,0102299110,80,"Not yet having any permanent teeth, of a weight of not less than 350 kg but not more than 500 kg",2012-01-01,,94119,0102299100
94121,0102299190,80,Other,2012-01-01,,94119,0102299100
94122,0102299900,80,Other,2012-01-01,,94118,0102299100
94123,0102299921,10,"Bulls of the Schwyz, Fribourg and spotted Simmental breeds",2012-01-01,,94122,0102299900
94124,0102299921,80,"Not yet having any permanent teeth, of a weight of not less than 350 kg but not more than 500 kg",2012-01-01,,94123,0102299921
94125,0102299929,80,Other,2012-01-01,,94123,0102299921
94126,0102299991,10,Other,2012-01-01,,94122,0102299900
94127,0102299991,80,"Not yet having any permanent teeth, of a weight of not less than 350 kg but not more than 500 kg",2012-01-01,,94126,0102299991
94128,0102299999,80,Other,2012-01-01,,94126,0102299991
94054,0102310000,10,Buffalo,2012-01-01,,27633,0102000000
94051,0102310000,80,Pure-bred breeding animals,2012-01-01,,94054,0102310000
94055,0102390000,80,Other,2012-01-01,,94054,0102310000
94129,0102391000,80,Domestic species,2012-01-01,,94055,0102390000
96165,0102391010,80,Of a weight exceeding 160 kg,2012-01-01,,94129,0102391000
96167,0102391090,80,Other,2012-01-01,,94129,0102391000
94130,0102399000,80,Other,2012-01-01,,94055,0102390000
27638,0102900000,80,Other,1972-01-01,,27633,0102000000
94052,0102902000,80,Pure-bred breeding animals,2012-01-01,,27638,0102900000
94131,0102909100,10,Other,2012-01-01,,27638,0102900000
94132,0102909100,80,Domestic species,2012-01-01,,94131,0102909100
96168,0102909110,80,Of a weight exceeding 160 kg,2012-01-01,,94132,0102909100
96166,0102909190,80,Other,2012-01-01,,94132,0102909100
94133,0102909900,80,Other,2012-01-01,,94131,0102909100
27762,0103000000,80,Live swine,1972-01-01,,27623,0100000000
27763,0103100000,80,Pure-bred breeding animals,1972-01-01,,27762,0103000000
27764,0103910000,10,Other,1972-01-01,,27762,0103000000
27765,0103910000,80,Weighing less than 50 kg,1972-01-01,,27764,0103910000
27766,0103911000,80,Domestic species,1972-01-01,,27765,0103910000
27767,0103919000,80,Other,1972-01-01,,27765,0103910000
27768,0103920000,80,Weighing 50 kg or more,1972-01-01,,27764,0103910000
27769,0103921100,10,Domestic species,1989-01-01,,27768,0103920000
27770,0103921100,80,"Sows having farrowed at least once, of a weight of not less than 160 kg",1972-01-01,,27769,0103921100
27771,0103921900,80,Other,1972-01-01,,27769,0103921100
27772,0103929000,80,Other,1972-01-01,,27768,0103920000
27773,0104000000,80,Live sheep and goats,1972-01-01,,27623,0100000000
27774,0104100000,80,Sheep,1972-01-01,,27773,0104000000
27775,0104101000,80,Pure-bred breeding animals,1972-01-01,,27774,0104100000
27776,0104103000,10,Other,1993-01-01,,27774,0104100000
27777,0104103000,80,Lambs (up to a year old),1993-01-01,,27776,0104103000
27778,0104108000,80,Other,1993-01-01,,27776,0104103000
27780,0104200000,80,Goats,1972-01-01,,27773,0104000000
27781,0104201000,80,Pure-bred breeding animals,1972-01-01,,27780,0104200000
27782,0104209000,80,Other,1972-01-01,,27780,0104200000
27783,0105000000,80,"Live poultry, that is to say, fowls of the species Gallus domesticus, ducks, geese, turkeys and guinea fowls",1972-01-01,,27623,0100000000
27784,0105110000,10,Weighing not more than 185 g,1972-01-01,,27783,0105000000
27785,0105110000,80,Fowls of the species Gallus domesticus,1972-01-01,,27784,0105110000
27786,0105111100,10,Grandparent and parent female chicks,1993-01-01,,27785,0105110000
27787,0105111100,80,Laying stocks,1993-01-01,,27786,0105111100
27788,0105111900,80,Other,1993-01-01,,27786,0105111100
27789,0105119100,10,Other,1993-01-01,,27785,0105110000
27790,0105119100,80,Laying stocks,1993-01-01,,27789,0105119100
27791,0105119900,80,Other,1993-01-01,,27789,0105119100
59201,0105120000,80,Turkeys,1996-01-01,,27784,0105110000
94185,0105130000,80,Ducks,2012-01-01,,27784,0105110000
94186,0105140000,80,Geese,2012-01-01,,27784,0105110000
94187,0105150000,80,Guinea fowls,2012-01-01,,27784,0105110000
85304,0105940000,10,Other,2007-01-01,,27783,0105000000
85305,0105940000,80,Fowls of the species Gallus domesticus,2007-01-01,,85304,0105940000
27797,0105990000,80,Other,1972-01-01,,85304,0105940000
27798,0105991000,80,Ducks,1972-01-01,,27797,0105990000
27799,0105992000,80,Geese,1972-01-01,,27797,0105990000
27800,0105993000,80,Turkeys,1972-01-01,,27797,0105990000
27801,0105995000,80,Guinea fowls,1972-01-01,,27797,0105990000
27802,0106000000,80,Other live animals,1972-01-01,,27623,0100000000
72769,0106110000,10,Mammals,2002-01-01,,27802,0106000000
72770,0106110000,80,Primates,2002-01-01,,72769,0106110000
72771,0106120000,80,"Whales, dolphins and porpoises (mammals of the order Cetacea); manatees and dugongs (mammals of the order Sirenia); seals, sea lions and walruses (mammals of the suborder Pinnipedia)",2002-01-01,,72769,0106110000
94188,0106130000,80,Camels and other camelids (Camelidae),2012-01-01,,72769,0106110000
94189,0106140000,80,Rabbits and hares,2012-01-01,,72769,0106110000
94190,0106141000,80,Domestic rabbits,2012-01-01,,94189,0106140000
94191,0106149000,80,Other,2012-01-01,,94189,0106140000
72772,0106190000,80,Other,2002-01-01,,72769,0106110000
72775,0106200000,80,Reptiles (including snakes and turtles),2002-01-01,,27802,0106000000
72776,0106310000,10,Birds,2002-01-01,,27802,0106000000
72777,0106310000,80,Birds of prey,2002-01-01,,72776,0106310000
72778,0106320000,80,"Psittaciformes (including parrots, parakeets, macaws and cockatoos)",2002-01-01,,72776,0106310000
94192,0106330000,80,Ostriches; emus (Dromaius novaehollandiae),2012-01-01,,72776,0106310000
72779,0106390000,80,Other,2002-01-01,,72776,0106310000
72780,0106391000,80,Pigeons,2002-01-01,,72779,0106390000
94193,0106398000,80,Other,2012-01-01,,72779,0106390000
94194,0106410000,10,Insects,2012-01-01,,27802,0106000000
94195,0106410000,80,Bees,2012-01-01,,94194,0106410000
94196,0106490000,80,Other,2012-01-01,,94194,0106410000
72782,0106900000,80,Other,2002-01-01,,27802,0106000000
105936,0106900010,10,Frogs,2021-01-01,,72782,0106900000
105934,0106900010,80,Fit for human consumption,2021-01-01,,105936,0106900010
105935,0106900019,80,Other,2021-01-01,,105936,0106900010
105933,0106900090,80,Other,2021-01-01,,72782,0106900000
